group,past_1d_ret,past_5d_ret,past_20d_ret,past_20d_vol,fwd_ret_1d,past_1d_ret_pct,past_5d_ret_pct,past_20d_ret_pct,past_20d_vol_pct,fwd_ret_1d_pct
Flop 10,0.027139176347826085,0.06677855795643434,0.08032546573195867,0.034922587502007656,-0.0011595503130434784,2.7139176347826086,6.677855795643434,8.032546573195868,3.4922587502007656,-0.11595503130434784
Top 10,-0.026734546626086958,-0.04481292066552995,-0.04461978741217608,0.030280005210782595,0.002121692539130435,-2.673454662608696,-4.481292066552995,-4.4619787412176075,3.0280005210782597,0.21216925391304348
