bottom_bucket,top_bucket,bottom_mean_return,top_mean_return,top_bottom_spread,bottom_mean_return_pct,top_mean_return_pct,top_bottom_spread_pct
0,9,-0.00028029661789499247,0.0015532144952265453,0.0018335111131215379,-0.028029661789499248,0.15532144952265453,0.18335111131215379
