bucket,fwd_ret_1d,mean_return_pct
0,-0.00028029661789499247,-0.028029661789499248
1,0.00026182488112697663,0.026182488112697664
2,0.0003671815097268507,0.03671815097268507
3,0.00036759843225083984,0.03675984322508399
4,0.00047427779667141373,0.04742777966714137
5,0.0005556673862160503,0.05556673862160503
6,0.0006085985400679734,0.060859854006797345
7,0.0006899389453190227,0.06899389453190227
8,0.0008179790894144609,0.08179790894144609
9,0.0015532144952265453,0.15532144952265453
