Model,Mean Gross Return (%),Mean Net Return (%),Volatility (%),Sharpe Ratio,Max Drawdown (%),Win Rate (%),Average Turnover
LSTM,0.3281242852173913,0.29328211130434784,2.0788951940691756,2.239511253984215,-43.75650078998895,56.66086956521739,0.6968434782608697
RAF,0.28466068173913045,0.24912329043478262,1.894751011137266,2.0871922540015495,-45.92084002167166,55.11304347826087,0.7107478260869565
LOG,0.16920620347826087,0.13378142086956524,2.3588320566044048,0.9003244686387524,-80.6300311893605,51.6695652173913,0.7084956521739131
DNN,0.12772687652173914,0.09630992,1.9241998452242888,0.7945497898493732,-89.05096297419458,52.22608695652175,0.6283391304347826
