Model,Mean Gross Return (%),Mean Net Return (%),Sharpe Ratio,Max Drawdown (%),Win Rate (%),Calmar Ratio
LSTM,0.3281242852173913,0.29328211130434784,2.2395,-43.76,56.66,1.6891
RAF,0.28466068173913045,0.24912329043478262,2.0872,-45.92,55.11,1.3671
LOG,0.16920620347826087,0.13378142086956524,0.9003,-80.63,51.67,0.4181
DNN,0.12772687652173914,0.09630992,0.7945,-89.05,52.23,0.2725
