Regression,Intercept,Slope,R_squared
LSTM total return on reversal total return,0.002700932937227633,0.2502524792438752,0.1020126076720902
LSTM long leg on reversal long leg,0.0011426012419984842,0.5395417856651894,0.5030510671338142
LSTM short profit on reversal short profit,0.0007007334424174275,0.8361638211842808,0.5858138748016216
